{
    "action-above": "\\f101",
    "action-add": "\\f102",
    "action-alerts-small": "\\f103",
    "action-alerts": "\\f104",
    "action-back": "\\f105",
    "action-below": "\\f106",
    "action-caret": "\\f107",
    "action-clear": "\\f108",
    "action-confirm": "\\f109",
    "action-create-contact-vcard": "\\f10a",
    "action-create-group-user": "\\f10b",
    "action-create-person-form": "\\f10c",
    "action-create-security-group": "\\f10d",
    "action-current-user": "\\f10e",
    "action-delete": "\\f10f",
    "action-down": "\\f110",
    "action-edit": "\\f111",
    "action-empty-action": "\\f112",
    "action-first": "\\f113",
    "action-forward": "\\f114",
    "action-home": "\\f115",
    "action-import-line-item": "\\f116",
    "action-import": "\\f117",
    "action-info": "\\f118",
    "action-invade": "\\f119",
    "action-last": "\\f11a",
    "action-left": "\\f11b",
    "action-list-maps": "\\f11c",
    "action-megaphone": "\\f11d",
    "action-minus": "\\f11e",
    "action-move-down": "\\f11f",
    "action-move-left": "\\f120",
    "action-move-right": "\\f121",
    "action-move-up": "\\f122",
    "action-plus": "\\f123",
    "action-quick-radius-map": "\\f124",
    "action-reload": "\\f125",
    "action-resource-chart": "\\f126",
    "action-right": "\\f127",
    "action-role-management": "\\f128",
    "action-schedule-call": "\\f129",
    "action-schedule-meeting": "\\f12a",
    "action-schedule": "\\f12b",
    "action-search": "\\f12c",
    "action-security-groups": "\\f12d",
    "action-security-suite-settings": "\\f12e",
    "action-select": "\\f12f",
    "action-setup-email": "\\f130",
    "action-sorting-ascending": "\\f131",
    "action-sorting-descending": "\\f132",
    "action-sorting-none": "\\f133",
    "action-subtract": "\\f134",
    "action-today": "\\f135",
    "action-up": "\\f136",
    "action-user-small": "\\f137",
    "action-user": "\\f138",
    "action-vcard": "\\f139",
    "action-view-create-email-templates": "\\f13a",
    "action-view-diagnostics": "\\f13b",
    "action-view-email-templates": "\\f13c",
    "action-view-process-audit": "\\f13d",
    "action-view-project-tasks": "\\f13e",
    "action-view-record": "\\f13f",
    "action-view": "\\f140",
    "admin-activity-streams": "\\f141",
    "admin-address-cache": "\\f142",
    "admin-aobh-businesshours": "\\f143",
    "admin-aod-settings": "\\f144",
    "admin-aop-settings": "\\f145",
    "admin-aos-settings": "\\f146",
    "admin-backups": "\\f147",
    "admin-campaign-email-settings": "\\f148",
    "admin-configure-module-menu-filters": "\\f149",
    "admin-connectors": "\\f14a",
    "admin-currencies": "\\f14b",
    "admin-diagnostic": "\\f14c",
    "admin-display-modules-and-subpanels": "\\f14d",
    "admin-donate": "\\f14e",
    "admin-dropdown-editor": "\\f14f",
    "admin-email-queue": "\\f150",
    "admin-email-settings": "\\f151",
    "admin-geocode-addresses": "\\f152",
    "admin-geocoded-counts": "\\f153",
    "admin-geocoding-test": "\\f154",
    "admin-global-search": "\\f155",
    "admin-google-maps-settings": "\\f156",
    "admin-history-subpanel": "\\f157",
    "admin-import": "\\f158",
    "admin-inbound-email": "\\f159",
    "admin-languages": "\\f15a",
    "admin-locale": "\\f15b",
    "admin-module-builder": "\\f15c",
    "admin-module-loader": "\\f15d",
    "admin-oauth-keys": "\\f15e",
    "admin-outbound-email": "\\f15f",
    "admin-password": "\\f160",
    "admin-rebuild": "\\f161",
    "admin-releases": "\\f162",
    "admin-rename-modules": "\\f163",
    "admin-repair": "\\f164",
    "admin-roles": "\\f165",
    "admin-scheduler": "\\f166",
    "admin-security-suite-group-management": "\\f167",
    "admin-security": "\\f168",
    "admin-studio": "\\f169",
    "admin-system-settings": "\\f16a",
    "admin-themes": "\\f16b",
    "admin-upgrade-wizard": "\\f16c",
    "admin-user-management": "\\f16d",
    "dashlet-charts-funnel": "\\f16e",
    "dashlet-charts-groupby": "\\f16f",
    "dashlet-charts-horizontal": "\\f170",
    "dashlet-charts-pie": "\\f171",
    "dashlet-charts-vertical": "\\f172",
    "dashlet-jotpad": "\\f173",
    "dashlet-sugarnews": "\\f174",
    "display-folder-closed": "\\f175",
    "display-folder-open": "\\f176",
    "favorite-star-outline": "\\f177",
    "favorite-star": "\\f178",
    "mimetype-tab": "\\f179",
    "module-accounts": "\\f17a",
    "module-aclroles": "\\f17b",
    "module-activities": "\\f17c",
    "module-am-tasktemplates": "\\f17d",
    "module-aok-knowledge-base-categories": "\\f17e",
    "module-aok-knowledgebase": "\\f17f",
    "module-aor-reports": "\\f180",
    "module-aos-contracts-signature": "\\f181",
    "module-aos-contracts": "\\f182",
    "module-aos-invoices": "\\f183",
    "module-aos-pdf-templates": "\\f184",
    "module-aos-product-categories": "\\f185",
    "module-aos-quotes": "\\f186",
    "module-aow-workflow": "\\f187",
    "module-areas-maps": "\\f188",
    "module-basic": "\\f189",
    "module-bugs": "\\f18a",
    "module-calendar": "\\f18b",
    "module-calls": "\\f18c",
    "module-campaigns": "\\f18d",
    "module-campaigntrackers": "\\f18e",
    "module-cases": "\\f18f",
    "module-case-updates": "\\f190",
    "module-company": "\\f191",
    "module-contacts": "\\f192",
    "module-default": "\\f193",
    "module-detailview": "\\f194",
    "module-direct-reports": "\\f195",
    "module-document-revisions": "\\f196",
    "module-documents": "\\f197",
    "module-editview": "\\f198",
    "module-email-marketing2": "\\f199",
    "module-email-marketing": "\\f19a",
    "module-emails": "\\f19b",
    "module-existing-package": "\\f19c",
    "module-fields": "\\f19d",
    "module-file": "\\f19e",
    "module-filter": "\\f19f",
    "module-fp-event-locations": "\\f1a0",
    "module-fp-events": "\\f1a1",
    "module-history": "\\f1a2",
    "module-issue": "\\f1a3",
    "module-jjwg-maps": "\\f1a4",
    "module-jjwg-markers": "\\f1a5",
    "module-labels": "\\f1a6",
    "module-layouts": "\\f1a7",
    "module-leads": "\\f1a8",
    "module-listview": "\\f1a9",
    "module-meetings": "\\f1aa",
    "module-new-module": "\\f1ab",
    "module-new-package": "\\f1ac",
    "module-notes": "\\f1ad",
    "module-opportunities": "\\f1ae",
    "module-other": "\\f1af",
    "module-overview": "\\f1b0",
    "module-person": "\\f1b1",
    "module-popupview": "\\f1b2",
    "module-process": "\\f1b3",
    "module-products": "\\f1b4",
    "module-project-tasks": "\\f1b5",
    "module-prospectlists": "\\f1b6",
    "module-quickcreate": "\\f1b7",
    "module-relationships": "\\f1b8",
    "module-sale": "\\f1b9",
    "module-securitygroups": "\\f1ba",
    "module-spots": "\\f1bb",
    "module-subpanels": "\\f1bc",
    "module-survey-responses": "\\f1bd",
    "module-surveys": "\\f1be",
    "module-targets": "\\f1bf",
    "module-tasks": "\\f1c0",
    "module-users": "\\f1c1",
    "template-company": "\\f1c2",
    "template-file": "\\f1c3",
    "template-issue": "\\f1c4",
    "kanban-board": "\\f1c5"
}